millis,stamp,datetime,motion
999, 1186458687, 2143/9/11 34:19:43, Inactive
1999, 1186458688, 2143/9/11 34:19:44, Inactive
2999, 1186458689, 2143/9/11 34:19:45, Inactive
3999, 1186458690, 2143/9/11 34:19:46, Inactive
4999, 1186458691, 2143/9/11 34:19:47, Inactive
5999, 1186458692, 2143/9/11 34:19:48, Inactive
7000, 1186458693, 2143/9/11 34:19:49, Inactive
7999, 1186458694, 2143/9/11 34:19:50, Inactive
8998, 1186458695, 2143/9/11 34:19:51, Inactive
9999, 1186458696, 2143/9/11 34:19:52, Inactive
10998, 1186458697, 2143/9/11 34:19:53, Inactive
11999, 1186458698, 2143/9/11 34:19:54, Inactive
12999, 1186458699, 2143/9/11 34:19:55, Inactive
14000, 1186458700, 2143/9/11 34:19:56, Inactive
14999, 1186458701, 2143/9/11 34:19:57, Inactive
15998, 1186458702, 2143/9/11 34:19:58, Inactive
16999, 1186458703, 2143/9/11 34:19:59, Inactive
17999, 1186458704, 2143/9/11 34:20:0, Inactive
18999, 1186458705, 2143/9/11 34:20:1, Inactive
19999, 1186458706, 2143/9/11 34:20:2, Active
20999, 1186458707, 2143/9/11 34:20:3, Active
21999, 1186458708, 2143/9/11 34:20:4, Active
23000, 1186458709, 2143/9/11 34:20:5, Active
23999, 1186458710, 2143/9/11 34:20:6, Active
24999, 1186458711, 2143/9/11 34:20:7, Active
25999, 1186458712, 2143/9/11 34:20:8, Active
26998, 1186458713, 2143/9/11 34:20:9, Active
27998, 1186458714, 2143/9/11 34:20:10, Active
28999, 1186458715, 2143/9/11 34:20:11, Active
29999, 1186458716, 2143/9/11 34:20:12, Active
30999, 1186458717, 2143/9/11 34:20:13, Active
32000, 1186458718, 2143/9/11 34:20:14, Active
32999, 1186458719, 2143/9/11 34:20:15, Active
33999, 1186458720, 2143/9/11 34:20:16, Active
34999, 1186458721, 2143/9/11 34:20:17, Active
35999, 1186458722, 2143/9/11 34:20:18, Inactive
37000, 1186458723, 2143/9/11 34:20:19, Inactive
37999, 1186458724, 2143/9/11 34:20:20, Inactive
38999, 1186458725, 2143/9/11 34:20:21, Active
39999, 1186458726, 2143/9/11 34:20:22, Active
40999, 1186458727, 2143/9/11 34:20:23, Active
41999, 1186458728, 2143/9/11 34:20:24, Active
42999, 1186458729, 2143/9/11 34:20:25, Active
43999, 1186458730, 2143/9/11 34:20:26, Active
44999, 1186458731, 2143/9/11 34:20:27, Active
46000, 1186458732, 2143/9/11 34:20:28, Active
46999, 1186458733, 2143/9/11 34:20:29, Active
48000, 1186458734, 2143/9/11 34:20:30, Active
48999, 1186458735, 2143/9/11 34:20:31, Active
49999, 1186458736, 2143/9/11 34:20:32, Active
50999, 1186458737, 2143/9/11 34:20:33, Active
51999, 1186458738, 2143/9/11 34:20:34, Active
52999, 1186458739, 2143/9/11 34:20:35, Active
53999, 1186458740, 2143/9/11 34:20:36, Active
54999, 1186458741, 2143/9/11 34:20:37, Active
55999, 1186458742, 2143/9/11 34:20:38, Active
56999, 1186458743, 2143/9/11 34:20:39, Active
57999, 1186458744, 2143/9/11 34:20:40, Active
58999, 1186458745, 2143/9/11 34:20:41, Active
59999, 1186458746, 2143/9/11 34:20:42, Active
60999, 1186458747, 2143/9/11 34:20:43, Active
62000, 1186458748, 2143/9/11 34:20:44, Active
62999, 1186458749, 2143/9/11 34:20:45, Active
64000, 1186458750, 2143/9/11 34:20:46, Active
64999, 1186458751, 2143/9/11 34:20:47, Active
65999, 1186458752, 2143/9/11 34:20:48, Active
66999, 1186458753, 2143/9/11 34:20:49, Active
67999, 1186458754, 2143/9/11 34:20:50, Active
68999, 1186458755, 2143/9/11 34:20:51, Active
69999, 1186458756, 2143/9/11 34:20:52, Active
71000, 1186458757, 2143/9/11 34:20:53, Active
71999, 1186458758, 2143/9/11 34:20:54, Active
72999, 1186458759, 2143/9/11 34:20:55, Active
73999, 1186458760, 2143/9/11 34:20:56, Active
74999, 1186458761, 2143/9/11 34:20:57, Active
75999, 1186458762, 2143/9/11 34:20:58, Active
76999, 1186458763, 2143/9/11 34:20:59, Active
78000, 1186458764, 2143/9/11 34:21:0, Active
78999, 1186458765, 2143/9/11 34:21:1, Active
80000, 1186458766, 2143/9/11 34:21:2, Active
80999, 1186458767, 2143/9/11 34:21:3, Active
81999, 1186458768, 2143/9/11 34:21:4, Active
82999, 1186458769, 2143/9/11 34:21:5, Active
83999, 1186458770, 2143/9/11 34:21:6, Active
85000, 1186458771, 2143/9/11 34:21:7, Active
85999, 1186458772, 2143/9/11 34:21:8, Active
86999, 1186458773, 2143/9/11 34:21:9, Active
88000, 1186458774, 2143/9/11 34:21:10, Active
88999, 1186458775, 2143/9/11 34:21:11, Active
89999, 1186458776, 2143/9/11 34:21:12, Active
90999, 1186458777, 2143/9/11 34:21:13, Active
92000, 1186458778, 2143/9/11 34:21:14, Active
92999, 1186458779, 2143/9/11 34:21:15, Active
93999, 1186458780, 2143/9/11 34:21:16, Active
94999, 1186458781, 2143/9/11 34:21:17, Inactive
96000, 1186458782, 2143/9/11 34:21:18, Inactive
96999, 1186458783, 2143/9/11 34:21:19, Inactive
97999, 1186458784, 2143/9/11 34:21:20, Inactive
99000, 1186458785, 2143/9/11 34:21:21, Active
99999, 1186458786, 2143/9/11 34:21:22, Active
100999, 1186458787, 2143/9/11 34:21:23, Active
101999, 1186458788, 2143/9/11 34:21:24, Active
102999, 1186458789, 2143/9/11 34:21:25, Active
103999, 1186458790, 2143/9/11 34:21:26, Active
104999, 1186458791, 2143/9/11 34:21:27, Active
105999, 1186458792, 2143/9/11 34:21:28, Active
106999, 1186458793, 2143/9/11 34:21:29, Active
107999, 1186458794, 2143/9/11 34:21:30, Active
108999, 1186458795, 2143/9/11 34:21:31, Active
110000, 1186458796, 2143/9/11 34:21:32, Active
110999, 1186458797, 2143/9/11 34:21:33, Inactive
112000, 1186458798, 2143/9/11 34:21:34, Inactive
112999, 1186458799, 2143/9/11 34:21:35, Inactive
113999, 1186458800, 2143/9/11 34:21:36, Inactive
114999, 1186458801, 2143/9/11 34:21:37, Inactive
115999, 1186458802, 2143/9/11 34:21:38, Inactive
116999, 1186458803, 2143/9/11 34:21:39, Inactive
117998, 1186458804, 2143/9/11 34:21:40, Inactive
119000, 1186458805, 2143/9/11 34:21:41, Inactive
119999, 1186458806, 2143/9/11 34:21:42, Inactive
120999, 1186458807, 2143/9/11 34:21:43, Inactive
121999, 1186458808, 2143/9/11 34:21:44, Inactive
122999, 1186458809, 2143/9/11 34:21:45, Active
123999, 1186458810, 2143/9/11 34:21:46, Active
124999, 1186458811, 2143/9/11 34:21:47, Active
125999, 1186458812, 2143/9/11 34:21:48, Active
126999, 1186458813, 2143/9/11 34:21:49, Active
128000, 1186458814, 2143/9/11 34:21:50, Active
128999, 1186458815, 2143/9/11 34:21:51, Active
129999, 1186458816, 2143/9/11 34:21:52, Active
130999, 1186458817, 2143/9/11 34:21:53, Active
131999, 1186458818, 2143/9/11 34:21:54, Active
132999, 1186458819, 2143/9/11 34:21:55, Active
133999, 1186458820, 2143/9/11 34:21:56, Active
135000, 1186458821, 2143/9/11 34:21:57, Inactive
135999, 1186458822, 2143/9/11 34:21:58, Inactive
136999, 1186458823, 2143/9/11 34:21:59, Active
137999, 1186458824, 2143/9/11 34:22:0, Active
138999, 1186458825, 2143/9/11 34:22:1, Active
139999, 1186458826, 2143/9/11 34:22:2, Active
140999, 1186458827, 2143/9/11 34:22:3, Active
141999, 1186458828, 2143/9/11 34:22:4, Active
142999, 1186458829, 2143/9/11 34:22:5, Active
144000, 1186458830, 2143/9/11 34:22:6, Active
144999, 1186458831, 2143/9/11 34:22:7, Active
145999, 1186458832, 2143/9/11 34:22:8, Inactive
146999, 1186458833, 2143/9/11 34:22:9, Inactive
147999, 1186458834, 2143/9/11 34:22:10, Active
148999, 1186458835, 2143/9/11 34:22:11, Active
149999, 1186458836, 2143/9/11 34:22:12, Active
150999, 1186458837, 2143/9/11 34:22:13, Active
151999, 1186458838, 2143/9/11 34:22:14, Active
152999, 1186458839, 2143/9/11 34:22:15, Active
153999, 1186458840, 2143/9/11 34:22:16, Active
154999, 1186458841, 2143/9/11 34:22:17, Inactive
155999, 1186458842, 2143/9/11 34:22:18, Inactive
156999, 1186458843, 2143/9/11 34:22:19, Inactive
157999, 1186458844, 2143/9/11 34:22:20, Inactive
158999, 1186458845, 2143/9/11 34:22:21, Inactive
160000, 1186458846, 2143/9/11 34:22:22, Active
160999, 1186458847, 2143/9/11 34:22:23, Active
161999, 1186458848, 2143/9/11 34:22:24, Active
162999, 1186458849, 2143/9/11 34:22:25, Active
163999, 1186458850, 2143/9/11 34:22:26, Active
164999, 1186458851, 2143/9/11 34:22:27, Active
165999, 1186458852, 2143/9/11 34:22:28, Active
167000, 1186458853, 2143/9/11 34:22:29, Active
167999, 1186458854, 2143/9/11 34:22:30, Active
168999, 1186458855, 2143/9/11 34:22:31, Active
169999, 1186458856, 2143/9/11 34:22:32, Inactive
170999, 1186458857, 2143/9/11 34:22:33, Inactive
171999, 1186458858, 2143/9/11 34:22:34, Inactive
172999, 1186458859, 2143/9/11 34:22:35, Inactive
174000, 1186458860, 2143/9/11 34:22:36, Inactive
174999, 1186458861, 2143/9/11 34:22:37, Inactive
176000, 1186458862, 2143/9/11 34:22:38, Inactive
176999, 1186458863, 2143/9/11 34:22:39, Inactive
177999, 1186458864, 2143/9/11 34:22:40, Inactive
178999, 1186458865, 2143/9/11 34:22:41, Inactive
179999, 1186458866, 2143/9/11 34:22:42, Inactive
180999, 1186458867, 2143/9/11 34:22:43, Inactive
181999, 1186458868, 2143/9/11 34:22:44, Inactive
182999, 1186458869, 2143/9/11 34:22:45, Inactive
183998, 1186458870, 2143/9/11 34:22:46, Inactive
184999, 1186458871, 2143/9/11 34:22:47, Inactive
185999, 1186458872, 2143/9/11 34:22:48, Inactive
186999, 1186458873, 2143/9/11 34:22:49, Inactive
187999, 1186458874, 2143/9/11 34:22:50, Inactive
188999, 1186458875, 2143/9/11 34:22:51, Inactive
189999, 1186458876, 2143/9/11 34:22:52, Active
190999, 1186458877, 2143/9/11 34:22:53, Active
192000, 1186458878, 2143/9/11 34:22:54, Active
192999, 1186458879, 2143/9/11 34:22:55, Active
193998, 1186458880, 2143/9/11 34:22:56, Active
194999, 1186458881, 2143/9/11 34:22:57, Active
195999, 1186458882, 2143/9/11 34:22:58, Active
196999, 1186458883, 2143/9/11 34:22:59, Inactive
197999, 1186458884, 2143/9/11 34:23:0, Inactive
199000, 1186458885, 2143/9/11 34:23:1, Inactive
199999, 1186458886, 2143/9/11 34:23:2, Inactive
200999, 1186458887, 2143/9/11 34:23:3, Active
201999, 1186458888, 2143/9/11 34:23:4, Active
202999, 1186458889, 2143/9/11 34:23:5, Active
203999, 1186458890, 2143/9/11 34:23:6, Active
204999, 1186458891, 2143/9/11 34:23:7, Active
206000, 1186458892, 2143/9/11 34:23:8, Active
206999, 1186458893, 2143/9/11 34:23:9, Active
207998, 1186458894, 2143/9/11 34:23:10, Active
208999, 1186458895, 2143/9/11 34:23:11, Active
209999, 1186458896, 2143/9/11 34:23:12, Active
210999, 1186458897, 2143/9/11 34:23:13, Active
211999, 1186458898, 2143/9/11 34:23:14, Active
212999, 1186458899, 2143/9/11 34:23:15, Active
213999, 1186458900, 2143/9/11 34:23:16, Active
214999, 1186458901, 2143/9/11 34:23:17, Active
215999, 1186458902, 2143/9/11 34:23:18, Active
216999, 1186458903, 2143/9/11 34:23:19, Active
217999, 1186458904, 2143/9/11 34:23:20, Active
218998, 1186458905, 2143/9/11 34:23:21, Active
219999, 1186458906, 2143/9/11 34:23:22, Active
220999, 1186458907, 2143/9/11 34:23:23, Active
221999, 1186458908, 2143/9/11 34:23:24, Active
222999, 1186458909, 2143/9/11 34:23:25, Active
224000, 1186458910, 2143/9/11 34:23:26, Active
224999, 1186458911, 2143/9/11 34:23:27, Active
225999, 1186458912, 2143/9/11 34:23:28, Active
226999, 1186458913, 2143/9/11 34:23:29, Active
227999, 1186458914, 2143/9/11 34:23:30, Active
228999, 1186458915, 2143/9/11 34:23:31, Active
229999, 1186458916, 2143/9/11 34:23:32, Active
